{
  "Parent": "image",
  "Date": "2025-07-12 22:38:41",
  "Height": 2.6088187166095622e-09,
  "Avg Height": 1.2869343368748787e-09,
  "Volume": 2.567433909916872e-07,
  "Area": 199.5,
  "Perimeter": 52.87005768508878,
  "Scale": 57.6650390625,
  "xCOM": 26.176795959472656,
  "yCOM": 24.77596092224121,
  "pSeed": 395,
  "qSeed": 52,
  "rSeed": 10,
  "subPixelXCenter": 395.0,
  "subPixelYCenter": 52.0
}