{
  "Parent": "image",
  "Date": "2025-07-12 22:38:41",
  "Height": 3.1039331105375823e-09,
  "Avg Height": 1.6177139627870929e-09,
  "Volume": 4.61857325717574e-07,
  "Area": 285.5,
  "Perimeter": 62.52691193458114,
  "Scale": 86.49755859375,
  "xCOM": 30.422752380371094,
  "yCOM": 30.048982620239258,
  "pSeed": 164,
  "qSeed": 86,
  "rSeed": 11,
  "subPixelXCenter": 164.0,
  "subPixelYCenter": 86.0
}