{
  "Parent": "image",
  "Date": "2025-07-12 22:38:41",
  "Height": 2.80817102904507e-09,
  "Avg Height": 1.354731327118941e-09,
  "Volume": 2.418195492737141e-07,
  "Area": 178.5,
  "Perimeter": 50.0416305603426,
  "Scale": 57.6650390625,
  "xCOM": 25.04072380065918,
  "yCOM": 23.693937301635742,
  "pSeed": 290,
  "qSeed": 88,
  "rSeed": 10,
  "subPixelXCenter": 290.0,
  "subPixelYCenter": 88.0
}