{
  "Parent": "image",
  "Date": "2025-07-12 22:38:41",
  "Height": 2.9431932446755127e-09,
  "Avg Height": 1.1859662141233684e-09,
  "Volume": 2.128809342138993e-07,
  "Area": 179.5,
  "Perimeter": 50.870057685088774,
  "Scale": 57.6650390625,
  "xCOM": 23.9577579498291,
  "yCOM": 24.334945678710938,
  "pSeed": 394,
  "qSeed": 251,
  "rSeed": 10,
  "subPixelXCenter": 394.0,
  "subPixelYCenter": 251.0
}