{
  "Parent": "image",
  "Date": "2025-07-12 22:38:41",
  "Height": 2.1634445346307984e-09,
  "Avg Height": 1.0906562319945579e-09,
  "Volume": 1.9577278465021664e-07,
  "Area": 179.5,
  "Perimeter": 51.45584412271568,
  "Scale": 57.6650390625,
  "xCOM": 23.5535945892334,
  "yCOM": 24.72118377685547,
  "pSeed": 63,
  "qSeed": 351,
  "rSeed": 10,
  "subPixelXCenter": 63.0,
  "subPixelYCenter": 351.0
}