{
  "Parent": "image",
  "Date": "2025-07-12 22:38:41",
  "Height": 2.5456183827543555e-09,
  "Avg Height": 1.1042722292131657e-09,
  "Volume": 1.253348926866238e-07,
  "Area": 113.5,
  "Perimeter": 40.38477631085022,
  "Scale": 38.443359375,
  "xCOM": 18.559343338012695,
  "yCOM": 18.577083587646484,
  "pSeed": 119,
  "qSeed": 391,
  "rSeed": 9,
  "subPixelXCenter": 119.0,
  "subPixelYCenter": 391.0
}