{
  "Parent": "image",
  "Date": "2025-07-12 22:38:41",
  "Height": 2.0469945738454953e-09,
  "Avg Height": 8.378043259149592e-10,
  "Volume": 1.1268468114167263e-07,
  "Area": 134.5,
  "Perimeter": 43.45584412271568,
  "Scale": 38.443359375,
  "xCOM": 21.445209503173828,
  "yCOM": 20.935483932495117,
  "pSeed": 291,
  "qSeed": 223,
  "rSeed": 9,
  "subPixelXCenter": 291.0,
  "subPixelYCenter": 223.0
}