{
  "Parent": "image",
  "Date": "2025-07-12 22:38:41",
  "Height": 3.6044494056142184e-09,
  "Avg Height": 2.0399772981960496e-09,
  "Volume": 2.759069275271031e-07,
  "Area": 135.25,
  "Perimeter": 38.38477631085022,
  "Scale": 38.443359375,
  "xCOM": 21.282024383544922,
  "yCOM": 20.171833038330078,
  "pSeed": 392,
  "qSeed": 472,
  "rSeed": 9,
  "subPixelXCenter": 392.0,
  "subPixelYCenter": 472.0
}